Category,Your Shop,Local Market Avg,Regional Avg,National Avg,Top 25% Benchmark,Variance vs Market,Action Needed
"Labor Rate ($/hr)",,,$95-$125,$105-$125,$115-$135,,
"ARO ($)",,,$400-$460,$430,$520+,,
"No-Show Rate (%)",,,$14-18,,$7-10,,
"Customer Retention (%)",,,$58,,$72+,,
"Bay Utilization (%)",,,$65,,$80+,,
"Gross Profit Margin (%)",,,$52,,$62+,,
"Net Profit Margin (%)",,,$8,,$18+,,
"Parts-to-Labor Ratio",,,$1.1:1,,$1.3:1,,
"Billable Hours/Day/Tech",,,$5.8,,$7.2+,,
"Comebacks/Month",,,$1.2,,$0.3,,
,,,,,,,,,,,
"Cost Calculations","Amount","","","","","",""
"Technician Wages (incl. benefits)/hr",,,,,,,,,
"Equipment Depreciation/hr",,,,,,,,,
"Facility Cost/hr",,,,,,,,,
"Insurance/hr",,,,,,,,,
"Desired Profit Margin/hr",,,,,,,,,
"Total Hourly Cost",,,,,,,,,
"Current Labor Rate",,,,,,,,,
"Profit per Hour",,,,,,,,,
,,,,,,,,,,,
"Rate Increase Plan","Details","","","","","",""
"Proposed New Rate",,,,,,,,,
"Dollar Increase",,,,,,,,,
"Percentage Increase",,,,,,,,,
"Effective Date",,,,,,,,,
"Customer Notification Date",,,,,,,,,
"Justification / Value Add",,,,,,,,,
